{
  "by_scene": {
    "adverse_style": {
      "best_accuracy": 0.9298780487804879,
      "best_direction": "larger",
      "larger_correct": 305,
      "larger_is_closer_accuracy": 0.9298780487804879,
      "pairs": 328,
      "smaller_correct": 23,
      "smaller_is_closer_accuracy": 0.0701219512195122,
      "tie_fraction": 0.0,
      "ties": 0
    },
    "aerial": {
      "best_accuracy": 0.9329896907216495,
      "best_direction": "larger",
      "larger_correct": 181,
      "larger_is_closer_accuracy": 0.9329896907216495,
      "pairs": 194,
      "smaller_correct": 13,
      "smaller_is_closer_accuracy": 0.06701030927835051,
      "tie_fraction": 0.0,
      "ties": 0
    },
    "indoor": {
      "best_accuracy": 0.9333333333333333,
      "best_direction": "larger",
      "larger_correct": 392,
      "larger_is_closer_accuracy": 0.9333333333333333,
      "pairs": 420,
      "smaller_correct": 28,
      "smaller_is_closer_accuracy": 0.06666666666666667,
      "tie_fraction": 0.0,
      "ties": 0
    },
    "non_real": {
      "best_accuracy": 0.9471947194719472,
      "best_direction": "larger",
      "larger_correct": 287,
      "larger_is_closer_accuracy": 0.9471947194719472,
      "pairs": 303,
      "smaller_correct": 16,
      "smaller_is_closer_accuracy": 0.052805280528052806,
      "tie_fraction": 0.0,
      "ties": 0
    },
    "object": {
      "best_accuracy": 0.9594594594594594,
      "best_direction": "larger",
      "larger_correct": 142,
      "larger_is_closer_accuracy": 0.9594594594594594,
      "pairs": 148,
      "smaller_correct": 6,
      "smaller_is_closer_accuracy": 0.04054054054054054,
      "tie_fraction": 0.0,
      "ties": 0
    },
    "outdoor": {
      "best_accuracy": 0.9302325581395349,
      "best_direction": "larger",
      "larger_correct": 320,
      "larger_is_closer_accuracy": 0.9302325581395349,
      "pairs": 344,
      "smaller_correct": 23,
      "smaller_is_closer_accuracy": 0.06686046511627906,
      "tie_fraction": 0.0029069767441860465,
      "ties": 1
    },
    "transparent_reflective": {
      "best_accuracy": 0.9392523364485982,
      "best_direction": "larger",
      "larger_correct": 201,
      "larger_is_closer_accuracy": 0.9392523364485982,
      "pairs": 214,
      "smaller_correct": 13,
      "smaller_is_closer_accuracy": 0.06074766355140187,
      "tie_fraction": 0.0,
      "ties": 0
    },
    "underwater": {
      "best_accuracy": 0.9914529914529915,
      "best_direction": "larger",
      "larger_correct": 116,
      "larger_is_closer_accuracy": 0.9914529914529915,
      "pairs": 117,
      "smaller_correct": 1,
      "smaller_is_closer_accuracy": 0.008547008547008548,
      "tie_fraction": 0.0,
      "ties": 0
    }
  },
  "metadata": {
    "actual_merges_by_block": {
      "0": 146418,
      "1": 144734,
      "10": 136616,
      "11": 121244,
      "2": 146686,
      "3": 144065,
      "4": 146686,
      "5": 146686,
      "6": 146686,
      "7": 146686,
      "8": 145041,
      "9": 140498
    },
    "adamerge_calibration_status": "disabled_fixed_schedule",
    "ats_mass_threshold": 0.9,
    "calib_cache": "eval_outputs/da2k_adamerge_calib.json",
    "calib_images": 0,
    "checkpoint": "checkpoints/depth_anything_v2_vits.pth",
    "dataset_root": "datasets/DA-2K/extracted/DA-2K",
    "device": "cuda",
    "elapsed_seconds": 193.9600690199877,
    "encoder": "vits",
    "force_calib": false,
    "images_requested": 1033,
    "input_size": 518,
    "log_every": 200,
    "max_images": 0,
    "mean_patch_tokens_after_block": {
      "0": 1861.7395934172314,
      "1": 1721.6292352371734,
      "10": 463.4975798644724,
      "11": 346.1268151016457,
      "2": 1579.6292352371734,
      "3": 1440.1665053242982,
      "4": 1298.1665053242982,
      "5": 1156.1665053242982,
      "6": 1014.1665053242982,
      "7": 872.1665053242982,
      "8": 731.7589545014521,
      "9": 595.7492739593417
    },
    "merge_r": 142,
    "method": "mctf_fixed",
    "method_note": "MCTF-inspired fixed schedule: merge candidates are scored by token similarity while penalizing high-salience and large-source tokens. This uses merge_r at every block and restores the full dense grid before the Depth Anything head.",
    "missing_images": [],
    "notes": [
      "All implemented methods are training-free. Methods needing trained predictors or learned threshold modules are explicitly unsupported.",
      "Reduction runs inside the ViT blocks, but source maps expand captured intermediate features back to the original patch count before DA-V2 depth_head.",
      "The evaluator supports batch size 1, matching the existing DA-2K scripts.",
      "Primary references consulted: ToMe arXiv:2210.09461, EViT arXiv:2202.07800, ATS arXiv:2111.15667, Token Pooling arXiv:2110.03860, PiToMe arXiv:2405.16148, AdaMerge arXiv:2605.27465, PPT arXiv:2310.01812."
    ],
    "output_json": "eval_outputs/fixed_token_methods_mctf_sweep/mctf_fixed_r142_full.json",
    "patch_count_at_square_input": 1369,
    "pooling_iters": 4,
    "requested_merges_by_block": {
      "0": 146686,
      "1": 146686,
      "10": 140649,
      "11": 136755,
      "2": 146686,
      "3": 146686,
      "4": 146686,
      "5": 146686,
      "6": 146686,
      "7": 146686,
      "8": 146686,
      "9": 145792
    },
    "requested_merges_per_layer": 142,
    "restores_full_patch_grid_before_depth_head": true,
    "rule": "DA-2K labels point1 as closer; Depth Anything V2 relative depth normally uses larger predicted values for closer points.",
    "salience_lambda": 1.0,
    "scene_type": "",
    "size_lambda": 0.0,
    "target_ratio": 0.0,
    "target_ratio_effective": null,
    "unsupported_learned_methods": {
      "a-vit": "requires learned adaptive halting behavior",
      "diffrate": "requires learned/differentiated rate allocation components",
      "dtem": "requires method-specific trained components",
      "dtop": "task-specific/trained dense-prediction token policy is not available",
      "dynamicvit": "requires trained token prediction modules",
      "ltmp": "requires learned threshold masking modules",
      "patchmerger": "requires trained merge modules"
    },
    "variant": "mctf_fixed"
  },
  "overall": {
    "best_accuracy": 0.9400386847195358,
    "best_direction": "larger",
    "larger_correct": 1944,
    "larger_is_closer_accuracy": 0.9400386847195358,
    "pairs": 2068,
    "smaller_correct": 123,
    "smaller_is_closer_accuracy": 0.059477756286266927,
    "tie_fraction": 0.00048355899419729207,
    "ties": 1
  }
}
