{
  "by_scene": {
    "adverse_style": {
      "best_accuracy": 0.7408536585365854,
      "best_direction": "larger",
      "larger_correct": 243,
      "larger_is_closer_accuracy": 0.7408536585365854,
      "pairs": 328,
      "smaller_correct": 81,
      "smaller_is_closer_accuracy": 0.24695121951219512,
      "tie_fraction": 0.012195121951219513,
      "ties": 4
    },
    "aerial": {
      "best_accuracy": 0.7164948453608248,
      "best_direction": "larger",
      "larger_correct": 139,
      "larger_is_closer_accuracy": 0.7164948453608248,
      "pairs": 194,
      "smaller_correct": 55,
      "smaller_is_closer_accuracy": 0.28350515463917525,
      "tie_fraction": 0.0,
      "ties": 0
    },
    "indoor": {
      "best_accuracy": 0.7380952380952381,
      "best_direction": "larger",
      "larger_correct": 310,
      "larger_is_closer_accuracy": 0.7380952380952381,
      "pairs": 420,
      "smaller_correct": 108,
      "smaller_is_closer_accuracy": 0.2571428571428571,
      "tie_fraction": 0.004761904761904762,
      "ties": 2
    },
    "non_real": {
      "best_accuracy": 0.8415841584158416,
      "best_direction": "larger",
      "larger_correct": 255,
      "larger_is_closer_accuracy": 0.8415841584158416,
      "pairs": 303,
      "smaller_correct": 45,
      "smaller_is_closer_accuracy": 0.1485148514851485,
      "tie_fraction": 0.009900990099009901,
      "ties": 3
    },
    "object": {
      "best_accuracy": 0.8175675675675675,
      "best_direction": "larger",
      "larger_correct": 121,
      "larger_is_closer_accuracy": 0.8175675675675675,
      "pairs": 148,
      "smaller_correct": 27,
      "smaller_is_closer_accuracy": 0.18243243243243243,
      "tie_fraction": 0.0,
      "ties": 0
    },
    "outdoor": {
      "best_accuracy": 0.7209302325581395,
      "best_direction": "larger",
      "larger_correct": 248,
      "larger_is_closer_accuracy": 0.7209302325581395,
      "pairs": 344,
      "smaller_correct": 86,
      "smaller_is_closer_accuracy": 0.25,
      "tie_fraction": 0.029069767441860465,
      "ties": 10
    },
    "transparent_reflective": {
      "best_accuracy": 0.9018691588785047,
      "best_direction": "larger",
      "larger_correct": 193,
      "larger_is_closer_accuracy": 0.9018691588785047,
      "pairs": 214,
      "smaller_correct": 20,
      "smaller_is_closer_accuracy": 0.09345794392523364,
      "tie_fraction": 0.004672897196261682,
      "ties": 1
    },
    "underwater": {
      "best_accuracy": 0.9230769230769231,
      "best_direction": "larger",
      "larger_correct": 108,
      "larger_is_closer_accuracy": 0.9230769230769231,
      "pairs": 117,
      "smaller_correct": 8,
      "smaller_is_closer_accuracy": 0.06837606837606838,
      "tie_fraction": 0.008547008547008548,
      "ties": 1
    }
  },
  "metadata": {
    "elapsed_seconds": 27.045412840961944,
    "images_requested": 1033,
    "missing_images": [],
    "pool": 2,
    "shape_counts": {
      "{'orig_hw': (37, 106), 'pool_hw': (18, 53)}": 1,
      "{'orig_hw': (37, 107), 'pool_hw': (18, 53)}": 1,
      "{'orig_hw': (37, 111), 'pool_hw': (18, 55)}": 1,
      "{'orig_hw': (37, 132), 'pool_hw': (18, 66)}": 1,
      "{'orig_hw': (37, 189), 'pool_hw': (18, 94)}": 1,
      "{'orig_hw': (37, 37), 'pool_hw': (18, 18)}": 76,
      "{'orig_hw': (37, 39), 'pool_hw': (18, 19)}": 1,
      "{'orig_hw': (37, 40), 'pool_hw': (18, 20)}": 4,
      "{'orig_hw': (37, 41), 'pool_hw': (18, 20)}": 2,
      "{'orig_hw': (37, 42), 'pool_hw': (18, 21)}": 4,
      "{'orig_hw': (37, 43), 'pool_hw': (18, 21)}": 4,
      "{'orig_hw': (37, 44), 'pool_hw': (18, 22)}": 1,
      "{'orig_hw': (37, 45), 'pool_hw': (18, 22)}": 5,
      "{'orig_hw': (37, 46), 'pool_hw': (18, 23)}": 16,
      "{'orig_hw': (37, 47), 'pool_hw': (18, 23)}": 8,
      "{'orig_hw': (37, 48), 'pool_hw': (18, 24)}": 9,
      "{'orig_hw': (37, 49), 'pool_hw': (18, 24)}": 199,
      "{'orig_hw': (37, 50), 'pool_hw': (18, 25)}": 14,
      "{'orig_hw': (37, 51), 'pool_hw': (18, 25)}": 5,
      "{'orig_hw': (37, 52), 'pool_hw': (18, 26)}": 20,
      "{'orig_hw': (37, 53), 'pool_hw': (18, 26)}": 8,
      "{'orig_hw': (37, 54), 'pool_hw': (18, 27)}": 16,
      "{'orig_hw': (37, 55), 'pool_hw': (18, 27)}": 104,
      "{'orig_hw': (37, 56), 'pool_hw': (18, 28)}": 289,
      "{'orig_hw': (37, 57), 'pool_hw': (18, 28)}": 14,
      "{'orig_hw': (37, 58), 'pool_hw': (18, 29)}": 7,
      "{'orig_hw': (37, 59), 'pool_hw': (18, 29)}": 11,
      "{'orig_hw': (37, 60), 'pool_hw': (18, 30)}": 7,
      "{'orig_hw': (37, 61), 'pool_hw': (18, 30)}": 4,
      "{'orig_hw': (37, 62), 'pool_hw': (18, 31)}": 5,
      "{'orig_hw': (37, 63), 'pool_hw': (18, 31)}": 5,
      "{'orig_hw': (37, 64), 'pool_hw': (18, 32)}": 3,
      "{'orig_hw': (37, 65), 'pool_hw': (18, 32)}": 3,
      "{'orig_hw': (37, 66), 'pool_hw': (18, 33)}": 76,
      "{'orig_hw': (37, 67), 'pool_hw': (18, 33)}": 4,
      "{'orig_hw': (37, 68), 'pool_hw': (18, 34)}": 3,
      "{'orig_hw': (37, 70), 'pool_hw': (18, 35)}": 2,
      "{'orig_hw': (37, 71), 'pool_hw': (18, 35)}": 1,
      "{'orig_hw': (37, 72), 'pool_hw': (18, 36)}": 4,
      "{'orig_hw': (37, 73), 'pool_hw': (18, 36)}": 3,
      "{'orig_hw': (37, 74), 'pool_hw': (18, 37)}": 2,
      "{'orig_hw': (37, 75), 'pool_hw': (18, 37)}": 4,
      "{'orig_hw': (37, 76), 'pool_hw': (18, 38)}": 3,
      "{'orig_hw': (37, 78), 'pool_hw': (18, 39)}": 1,
      "{'orig_hw': (37, 80), 'pool_hw': (18, 40)}": 2,
      "{'orig_hw': (37, 81), 'pool_hw': (18, 40)}": 1,
      "{'orig_hw': (37, 83), 'pool_hw': (18, 41)}": 1,
      "{'orig_hw': (37, 86), 'pool_hw': (18, 43)}": 3,
      "{'orig_hw': (37, 87), 'pool_hw': (18, 43)}": 1,
      "{'orig_hw': (37, 89), 'pool_hw': (18, 44)}": 2,
      "{'orig_hw': (37, 91), 'pool_hw': (18, 45)}": 1,
      "{'orig_hw': (37, 92), 'pool_hw': (18, 46)}": 1,
      "{'orig_hw': (37, 95), 'pool_hw': (18, 47)}": 1,
      "{'orig_hw': (40, 37), 'pool_hw': (20, 18)}": 2,
      "{'orig_hw': (41, 37), 'pool_hw': (20, 18)}": 1,
      "{'orig_hw': (42, 37), 'pool_hw': (21, 18)}": 2,
      "{'orig_hw': (43, 37), 'pool_hw': (21, 18)}": 2,
      "{'orig_hw': (44, 37), 'pool_hw': (22, 18)}": 1,
      "{'orig_hw': (45, 37), 'pool_hw': (22, 18)}": 1,
      "{'orig_hw': (46, 37), 'pool_hw': (23, 18)}": 3,
      "{'orig_hw': (47, 37), 'pool_hw': (23, 18)}": 3,
      "{'orig_hw': (48, 37), 'pool_hw': (24, 18)}": 1,
      "{'orig_hw': (49, 37), 'pool_hw': (24, 18)}": 17,
      "{'orig_hw': (50, 37), 'pool_hw': (25, 18)}": 1,
      "{'orig_hw': (52, 37), 'pool_hw': (26, 18)}": 1,
      "{'orig_hw': (53, 37), 'pool_hw': (26, 18)}": 4,
      "{'orig_hw': (54, 37), 'pool_hw': (27, 18)}": 1,
      "{'orig_hw': (55, 37), 'pool_hw': (27, 18)}": 6,
      "{'orig_hw': (56, 37), 'pool_hw': (28, 18)}": 19,
      "{'orig_hw': (60, 37), 'pool_hw': (30, 18)}": 1,
      "{'orig_hw': (64, 37), 'pool_hw': (32, 18)}": 1,
      "{'orig_hw': (66, 37), 'pool_hw': (33, 18)}": 1
    },
    "variant": "image_pool_restore"
  },
  "overall": {
    "best_accuracy": 0.7819148936170213,
    "best_direction": "larger",
    "larger_correct": 1617,
    "larger_is_closer_accuracy": 0.7819148936170213,
    "pairs": 2068,
    "smaller_correct": 430,
    "smaller_is_closer_accuracy": 0.2079303675048356,
    "tie_fraction": 0.010154738878143133,
    "ties": 21
  }
}
