{
  "by_scene": {
    "indoor": {
      "best_accuracy": 0.8208955223880597,
      "best_direction": "larger",
      "larger_correct": 110,
      "larger_is_closer_accuracy": 0.8208955223880597,
      "pairs": 134,
      "smaller_correct": 24,
      "smaller_is_closer_accuracy": 0.1791044776119403,
      "tie_fraction": 0.0,
      "ties": 0
    }
  },
  "elapsed_total_seconds": 1.8086862129857764,
  "extra": {
    "transform": {
      "bias_correct": true,
      "bias_delta_norm": 0.8103430867195129,
      "mode": "dfq_max",
      "scale_max": 1.8377346992492676,
      "scale_mean": 0.8641767501831055,
      "scale_min": 0.42090904712677,
      "scale_std": 0.17285001277923584
    }
  },
  "metadata": {
    "elapsed_seconds": 1.808671674982179,
    "images_requested": 64,
    "missing_images": []
  },
  "overall": {
    "best_accuracy": 0.8208955223880597,
    "best_direction": "larger",
    "larger_correct": 110,
    "larger_is_closer_accuracy": 0.8208955223880597,
    "pairs": 134,
    "smaller_correct": 24,
    "smaller_is_closer_accuracy": 0.1791044776119403,
    "tie_fraction": 0.0,
    "ties": 0
  },
  "variant": "dfq_max_biascorr"
}
