{
  "by_scene": {
    "indoor": {
      "best_accuracy": 0.8208955223880597,
      "best_direction": "larger",
      "larger_correct": 110,
      "larger_is_closer_accuracy": 0.8208955223880597,
      "pairs": 134,
      "smaller_correct": 24,
      "smaller_is_closer_accuracy": 0.1791044776119403,
      "tie_fraction": 0.0,
      "ties": 0
    }
  },
  "elapsed_total_seconds": 1.819276518013794,
  "extra": {
    "transform": {
      "bias_correct": true,
      "bias_delta_norm": 0.4855043590068817,
      "mode": "squant_rms",
      "scale_max": 1.3818012475967407,
      "scale_mean": 0.896704375743866,
      "scale_min": 0.4813188910484314,
      "scale_std": 0.15482300519943237
    }
  },
  "metadata": {
    "elapsed_seconds": 1.8192608679528348,
    "images_requested": 64,
    "missing_images": []
  },
  "overall": {
    "best_accuracy": 0.8208955223880597,
    "best_direction": "larger",
    "larger_correct": 110,
    "larger_is_closer_accuracy": 0.8208955223880597,
    "pairs": 134,
    "smaller_correct": 24,
    "smaller_is_closer_accuracy": 0.1791044776119403,
    "tie_fraction": 0.0,
    "ties": 0
  },
  "variant": "squant_rms_equalize_biascorr"
}
