{
  "by_scene": {
    "indoor": {
      "best_accuracy": 0.8134328358208955,
      "best_direction": "larger",
      "larger_correct": 109,
      "larger_is_closer_accuracy": 0.8134328358208955,
      "pairs": 134,
      "smaller_correct": 25,
      "smaller_is_closer_accuracy": 0.1865671641791045,
      "tie_fraction": 0.0,
      "ties": 0
    }
  },
  "elapsed_total_seconds": 1.8208696600049734,
  "extra": {
    "transform": {
      "bias_correct": false,
      "bias_delta_norm": 0.0,
      "mode": "squant_rms",
      "scale_max": 1.3818012475967407,
      "scale_mean": 0.896704375743866,
      "scale_min": 0.4813188910484314,
      "scale_std": 0.15482300519943237
    }
  },
  "metadata": {
    "elapsed_seconds": 1.820853730023373,
    "images_requested": 64,
    "missing_images": []
  },
  "overall": {
    "best_accuracy": 0.8134328358208955,
    "best_direction": "larger",
    "larger_correct": 109,
    "larger_is_closer_accuracy": 0.8134328358208955,
    "pairs": 134,
    "smaller_correct": 25,
    "smaller_is_closer_accuracy": 0.1865671641791045,
    "tie_fraction": 0.0,
    "ties": 0
  },
  "variant": "squant_rms_equalize"
}
