{
  "by_scene": {
    "adverse_style": {
      "best_accuracy": 0.7835365853658537,
      "best_direction": "larger",
      "larger_correct": 257,
      "larger_is_closer_accuracy": 0.7835365853658537,
      "pairs": 328,
      "smaller_correct": 70,
      "smaller_is_closer_accuracy": 0.21341463414634146,
      "tie_fraction": 0.003048780487804878,
      "ties": 1
    },
    "aerial": {
      "best_accuracy": 0.7835051546391752,
      "best_direction": "larger",
      "larger_correct": 152,
      "larger_is_closer_accuracy": 0.7835051546391752,
      "pairs": 194,
      "smaller_correct": 42,
      "smaller_is_closer_accuracy": 0.21649484536082475,
      "tie_fraction": 0.0,
      "ties": 0
    },
    "indoor": {
      "best_accuracy": 0.7309523809523809,
      "best_direction": "larger",
      "larger_correct": 307,
      "larger_is_closer_accuracy": 0.7309523809523809,
      "pairs": 420,
      "smaller_correct": 113,
      "smaller_is_closer_accuracy": 0.26904761904761904,
      "tie_fraction": 0.0,
      "ties": 0
    },
    "non_real": {
      "best_accuracy": 0.8943894389438944,
      "best_direction": "larger",
      "larger_correct": 271,
      "larger_is_closer_accuracy": 0.8943894389438944,
      "pairs": 303,
      "smaller_correct": 31,
      "smaller_is_closer_accuracy": 0.10231023102310231,
      "tie_fraction": 0.0033003300330033004,
      "ties": 1
    },
    "object": {
      "best_accuracy": 0.8716216216216216,
      "best_direction": "larger",
      "larger_correct": 129,
      "larger_is_closer_accuracy": 0.8716216216216216,
      "pairs": 148,
      "smaller_correct": 19,
      "smaller_is_closer_accuracy": 0.12837837837837837,
      "tie_fraction": 0.0,
      "ties": 0
    },
    "outdoor": {
      "best_accuracy": 0.7645348837209303,
      "best_direction": "larger",
      "larger_correct": 263,
      "larger_is_closer_accuracy": 0.7645348837209303,
      "pairs": 344,
      "smaller_correct": 75,
      "smaller_is_closer_accuracy": 0.2180232558139535,
      "tie_fraction": 0.01744186046511628,
      "ties": 6
    },
    "transparent_reflective": {
      "best_accuracy": 0.9299065420560748,
      "best_direction": "larger",
      "larger_correct": 199,
      "larger_is_closer_accuracy": 0.9299065420560748,
      "pairs": 214,
      "smaller_correct": 14,
      "smaller_is_closer_accuracy": 0.06542056074766354,
      "tie_fraction": 0.004672897196261682,
      "ties": 1
    },
    "underwater": {
      "best_accuracy": 0.9230769230769231,
      "best_direction": "larger",
      "larger_correct": 108,
      "larger_is_closer_accuracy": 0.9230769230769231,
      "pairs": 117,
      "smaller_correct": 9,
      "smaller_is_closer_accuracy": 0.07692307692307693,
      "tie_fraction": 0.0,
      "ties": 0
    }
  },
  "metadata": {
    "elapsed_seconds": 23.801196014974266,
    "experiment": "input_tensor_max_pool_before_depth_anything_crop_to_multiple_of_14",
    "images_requested": 1033,
    "input_size_before_pool": 518,
    "missing_images": [],
    "pool_kernel": 2,
    "pool_stride": 2,
    "pooled_tensor_shapes": {
      "(252, 1316)": 1,
      "(252, 252)": 76,
      "(252, 266)": 1,
      "(252, 280)": 6,
      "(252, 294)": 8,
      "(252, 308)": 6,
      "(252, 322)": 24,
      "(252, 336)": 208,
      "(252, 350)": 19,
      "(252, 364)": 28,
      "(252, 378)": 120,
      "(252, 392)": 303,
      "(252, 406)": 18,
      "(252, 420)": 11,
      "(252, 434)": 10,
      "(252, 448)": 6,
      "(252, 462)": 80,
      "(252, 476)": 3,
      "(252, 490)": 3,
      "(252, 504)": 7,
      "(252, 518)": 6,
      "(252, 532)": 3,
      "(252, 546)": 1,
      "(252, 560)": 3,
      "(252, 574)": 1,
      "(252, 602)": 4,
      "(252, 616)": 2,
      "(252, 630)": 1,
      "(252, 644)": 1,
      "(252, 658)": 1,
      "(252, 742)": 2,
      "(252, 770)": 1,
      "(252, 924)": 1,
      "(280, 252)": 3,
      "(294, 252)": 4,
      "(308, 252)": 2,
      "(322, 252)": 6,
      "(336, 252)": 18,
      "(350, 252)": 1,
      "(364, 252)": 5,
      "(378, 252)": 7,
      "(392, 252)": 19,
      "(420, 252)": 1,
      "(448, 252)": 1,
      "(462, 252)": 1
    },
    "rule": "DA-2K labels point1 closer; Depth Anything V2 vits uses larger predicted values for closer points."
  },
  "overall": {
    "best_accuracy": 0.8152804642166345,
    "best_direction": "larger",
    "larger_correct": 1686,
    "larger_is_closer_accuracy": 0.8152804642166345,
    "pairs": 2068,
    "smaller_correct": 373,
    "smaller_is_closer_accuracy": 0.18036750483558994,
    "tie_fraction": 0.004352030947775629,
    "ties": 9
  }
}
