{
  "by_scene": {
    "adverse_style": {
      "best_accuracy": 0.676829268292683,
      "best_direction": "larger",
      "larger_correct": 222,
      "larger_is_closer_accuracy": 0.676829268292683,
      "pairs": 328,
      "smaller_correct": 104,
      "smaller_is_closer_accuracy": 0.3170731707317073,
      "tie_fraction": 0.006097560975609756,
      "ties": 2
    },
    "aerial": {
      "best_accuracy": 0.7268041237113402,
      "best_direction": "larger",
      "larger_correct": 141,
      "larger_is_closer_accuracy": 0.7268041237113402,
      "pairs": 194,
      "smaller_correct": 53,
      "smaller_is_closer_accuracy": 0.27319587628865977,
      "tie_fraction": 0.0,
      "ties": 0
    },
    "indoor": {
      "best_accuracy": 0.6476190476190476,
      "best_direction": "larger",
      "larger_correct": 272,
      "larger_is_closer_accuracy": 0.6476190476190476,
      "pairs": 420,
      "smaller_correct": 148,
      "smaller_is_closer_accuracy": 0.3523809523809524,
      "tie_fraction": 0.0,
      "ties": 0
    },
    "non_real": {
      "best_accuracy": 0.7425742574257426,
      "best_direction": "larger",
      "larger_correct": 225,
      "larger_is_closer_accuracy": 0.7425742574257426,
      "pairs": 303,
      "smaller_correct": 77,
      "smaller_is_closer_accuracy": 0.25412541254125415,
      "tie_fraction": 0.0033003300330033004,
      "ties": 1
    },
    "object": {
      "best_accuracy": 0.7905405405405406,
      "best_direction": "larger",
      "larger_correct": 117,
      "larger_is_closer_accuracy": 0.7905405405405406,
      "pairs": 148,
      "smaller_correct": 30,
      "smaller_is_closer_accuracy": 0.20270270270270271,
      "tie_fraction": 0.006756756756756757,
      "ties": 1
    },
    "outdoor": {
      "best_accuracy": 0.6482558139534884,
      "best_direction": "larger",
      "larger_correct": 223,
      "larger_is_closer_accuracy": 0.6482558139534884,
      "pairs": 344,
      "smaller_correct": 112,
      "smaller_is_closer_accuracy": 0.32558139534883723,
      "tie_fraction": 0.02616279069767442,
      "ties": 9
    },
    "transparent_reflective": {
      "best_accuracy": 0.8457943925233645,
      "best_direction": "larger",
      "larger_correct": 181,
      "larger_is_closer_accuracy": 0.8457943925233645,
      "pairs": 214,
      "smaller_correct": 32,
      "smaller_is_closer_accuracy": 0.14953271028037382,
      "tie_fraction": 0.004672897196261682,
      "ties": 1
    },
    "underwater": {
      "best_accuracy": 0.7777777777777778,
      "best_direction": "larger",
      "larger_correct": 91,
      "larger_is_closer_accuracy": 0.7777777777777778,
      "pairs": 117,
      "smaller_correct": 26,
      "smaller_is_closer_accuracy": 0.2222222222222222,
      "tie_fraction": 0.0,
      "ties": 0
    }
  },
  "metadata": {
    "elapsed_seconds": 22.0233134200098,
    "experiment": "input_tensor_max_pool_before_depth_anything_crop_to_multiple_of_14",
    "images_requested": 1033,
    "input_size_before_pool": 518,
    "missing_images": [],
    "pool_kernel": 3,
    "pool_stride": 3,
    "pooled_tensor_shapes": {
      "(168, 168)": 76,
      "(168, 182)": 7,
      "(168, 196)": 9,
      "(168, 210)": 29,
      "(168, 224)": 222,
      "(168, 238)": 33,
      "(168, 252)": 409,
      "(168, 266)": 32,
      "(168, 280)": 16,
      "(168, 294)": 11,
      "(168, 308)": 83,
      "(168, 322)": 3,
      "(168, 336)": 9,
      "(168, 350)": 7,
      "(168, 364)": 3,
      "(168, 378)": 2,
      "(168, 392)": 3,
      "(168, 406)": 3,
      "(168, 420)": 2,
      "(168, 434)": 1,
      "(168, 490)": 2,
      "(168, 518)": 1,
      "(168, 616)": 1,
      "(168, 882)": 1,
      "(182, 168)": 3,
      "(196, 168)": 5,
      "(210, 168)": 7,
      "(224, 168)": 19,
      "(238, 168)": 5,
      "(252, 168)": 26,
      "(280, 168)": 1,
      "(294, 168)": 1,
      "(308, 168)": 1
    },
    "rule": "DA-2K labels point1 closer; Depth Anything V2 vits uses larger predicted values for closer points."
  },
  "overall": {
    "best_accuracy": 0.7117988394584139,
    "best_direction": "larger",
    "larger_correct": 1472,
    "larger_is_closer_accuracy": 0.7117988394584139,
    "pairs": 2068,
    "smaller_correct": 582,
    "smaller_is_closer_accuracy": 0.281431334622824,
    "tie_fraction": 0.006769825918762089,
    "ties": 14
  }
}
