{
  "by_scene_test": {
    "adverse_style": {
      "centered_l2_norm_pearson": 0.055370461988772504,
      "centered_l2_norm_spearman": -0.28888143163024904,
      "cov_direction_pearson": 0.14978276205115867,
      "cov_direction_spearman": 0.3123168663350143,
      "l2_norm_pearson": 0.052186084177898336,
      "l2_norm_spearman": -0.34905095500564187,
      "mahalanobis_diag_pearson": 0.051780873393691015,
      "mahalanobis_diag_spearman": -0.37460036546297776,
      "ridge_direction_pearson": 0.2137992313603625,
      "ridge_direction_spearman": 0.4312142640936918
    },
    "aerial": {
      "centered_l2_norm_pearson": 0.026351333246301803,
      "centered_l2_norm_spearman": -0.16076957982742307,
      "cov_direction_pearson": 0.11231786830655537,
      "cov_direction_spearman": 0.18928699206566396,
      "l2_norm_pearson": 0.02199720359879412,
      "l2_norm_spearman": -0.17913081453252458,
      "mahalanobis_diag_pearson": 0.02666330899596878,
      "mahalanobis_diag_spearman": -0.18234543573288758,
      "ridge_direction_pearson": 0.15157981546833638,
      "ridge_direction_spearman": 0.21703038264548788
    },
    "indoor": {
      "centered_l2_norm_pearson": 0.040881433880495144,
      "centered_l2_norm_spearman": -0.3534672063216809,
      "cov_direction_pearson": 0.14012676611897876,
      "cov_direction_spearman": 0.20046936875078147,
      "l2_norm_pearson": 0.0364625586879694,
      "l2_norm_spearman": -0.37812690993619624,
      "mahalanobis_diag_pearson": 0.041312892570823365,
      "mahalanobis_diag_spearman": -0.3960747326142675,
      "ridge_direction_pearson": 0.19895428623262307,
      "ridge_direction_spearman": 0.32227306964899183
    },
    "non_real": {
      "centered_l2_norm_pearson": 0.037621247398161806,
      "centered_l2_norm_spearman": -0.33631749206813766,
      "cov_direction_pearson": 0.12739294722520328,
      "cov_direction_spearman": 0.2551552729351768,
      "l2_norm_pearson": 0.03298227884750152,
      "l2_norm_spearman": -0.3783051743197666,
      "mahalanobis_diag_pearson": 0.036784365409206675,
      "mahalanobis_diag_spearman": -0.38971924777246264,
      "ridge_direction_pearson": 0.185059512222277,
      "ridge_direction_spearman": 0.32239351054431964
    },
    "object": {
      "centered_l2_norm_pearson": 0.05063270235969827,
      "centered_l2_norm_spearman": -0.2635515847845936,
      "cov_direction_pearson": 0.1342122608358791,
      "cov_direction_spearman": 0.2988408357227953,
      "l2_norm_pearson": 0.045092237682484194,
      "l2_norm_spearman": -0.34170909643470015,
      "mahalanobis_diag_pearson": 0.05101798818279206,
      "mahalanobis_diag_spearman": -0.3669862351151805,
      "ridge_direction_pearson": 0.19482246620882923,
      "ridge_direction_spearman": 0.3637617113939942
    },
    "outdoor": {
      "centered_l2_norm_pearson": 0.030919405284974402,
      "centered_l2_norm_spearman": -0.3099605338470666,
      "cov_direction_pearson": 0.12914567088860548,
      "cov_direction_spearman": 0.20373114351599875,
      "l2_norm_pearson": 0.027094825743346845,
      "l2_norm_spearman": -0.3338853121245146,
      "mahalanobis_diag_pearson": 0.030205287878114703,
      "mahalanobis_diag_spearman": -0.34065020591747525,
      "ridge_direction_pearson": 0.1837868916539349,
      "ridge_direction_spearman": 0.3055999219273234
    },
    "transparent_reflective": {
      "centered_l2_norm_pearson": 0.03479390014744002,
      "centered_l2_norm_spearman": -0.33865537192648265,
      "cov_direction_pearson": 0.12852501361228186,
      "cov_direction_spearman": 0.27928893747698297,
      "l2_norm_pearson": 0.03055349503543402,
      "l2_norm_spearman": -0.36900000468192745,
      "mahalanobis_diag_pearson": 0.036640768066745065,
      "mahalanobis_diag_spearman": -0.37882647069238273,
      "ridge_direction_pearson": 0.18922782064577146,
      "ridge_direction_spearman": 0.34253858360018846
    },
    "underwater": {
      "centered_l2_norm_pearson": 0.05176251672925449,
      "centered_l2_norm_spearman": -0.3483800236656201,
      "cov_direction_pearson": 0.12485933519373586,
      "cov_direction_spearman": 0.3777647424547793,
      "l2_norm_pearson": 0.05051791136419558,
      "l2_norm_spearman": -0.36023720532480635,
      "mahalanobis_diag_pearson": 0.0555553595812448,
      "mahalanobis_diag_spearman": -0.34819266644125013,
      "ridge_direction_pearson": 0.1996790487746472,
      "ridge_direction_spearman": 0.39074874076922583
    }
  },
  "fit": {
    "cov_xy_norm": 0.01271417005998506,
    "ridge_scale": 0.0026817383683858075,
    "train_ridge_pearson": 0.17536498871617057,
    "train_var_y": 1.0
  },
  "global_test": {
    "centered_l2_norm": {
      "pearson": 0.028909681165189462,
      "spearman": -0.26920992750637224
    },
    "cov_direction": {
      "pearson": 0.106963176809553,
      "spearman": 0.21583148069643635
    },
    "l2_norm": {
      "pearson": 0.026371368031565107,
      "spearman": -0.30218178888434705
    },
    "mahalanobis_diag": {
      "pearson": 0.04054001998919878,
      "spearman": -0.36285642209886576
    },
    "ridge_direction": {
      "pearson": 0.17232224548631386,
      "spearman": 0.3001042495832958
    }
  },
  "metadata": {
    "checkpoint": "checkpoints/depth_anything_v2_vits.pth",
    "dataset_root": "datasets/DA-2K/extracted/DA-2K/DA-2K",
    "device": "cuda",
    "elapsed_seconds": 89.34635893799987,
    "encoder": "vits",
    "images_requested": 1033,
    "input_size": 518,
    "log_every": 100,
    "max_images": 0,
    "missing_images": [],
    "output_json": "eval_outputs/attention_mass_direction_block0_full.json",
    "output_pt": "eval_outputs/attention_mass_direction_block0_full.pt",
    "ridge": 0.001,
    "scene_type": "",
    "target": "within-image z-scored incoming block-0 patch attention mass",
    "token_space": "patch tokens after transformer block 0 output",
    "train_modulo": 5,
    "train_remainder": 0
  },
  "per_image_test": {
    "centered_l2_norm": {
      "pearson": {
        "max": 0.17903343969587504,
        "mean": 0.04078726846056118,
        "median": 0.03503509313174025,
        "min": -0.04139079069455854,
        "std": 0.037657284237698777
      },
      "spearman": {
        "max": 0.19932942343625987,
        "mean": -0.30848837656063033,
        "median": -0.33862512394245137,
        "min": -0.6890782416213604,
        "std": 0.17049763404683024
      }
    },
    "cov_direction": {
      "pearson": {
        "max": 0.31481472044583897,
        "mean": 0.13275539781391102,
        "median": 0.12793901622428488,
        "min": 0.013794156101384906,
        "std": 0.05304205763786042
      },
      "spearman": {
        "max": 0.7070826832241613,
        "mean": 0.2554022128417944,
        "median": 0.2502810055117579,
        "min": -0.17280389789038963,
        "std": 0.1666033668461044
      }
    },
    "l2_norm": {
      "pearson": {
        "max": 0.20929562245561256,
        "mean": 0.03674599293046044,
        "median": 0.03116289535769474,
        "min": -0.04069421085180333,
        "std": 0.03838767956880572
      },
      "spearman": {
        "max": 0.18492710083240582,
        "mean": -0.3452210483720039,
        "median": -0.3829858435434298,
        "min": -0.6955316861197881,
        "std": 0.16639486990267197
      }
    },
    "mahalanobis_diag": {
      "pearson": {
        "max": 0.2193314786873607,
        "mean": 0.04062630434264024,
        "median": 0.035505387593541035,
        "min": -0.03329513146260702,
        "std": 0.038979414505384447
      },
      "spearman": {
        "max": 0.20880348560769826,
        "mean": -0.35811517736672216,
        "median": -0.3903942058791404,
        "min": -0.7062707063643431,
        "std": 0.17015536562409675
      }
    },
    "ridge_direction": {
      "pearson": {
        "max": 0.5248174589695839,
        "mean": 0.19140941771449968,
        "median": 0.18727245974307577,
        "min": 0.07794333247060856,