{
  "by_scene": {
    "adverse_style": {
      "best_accuracy": 0.9420731707317073,
      "best_direction": "larger",
      "larger_correct": 309,
      "larger_is_closer_accuracy": 0.9420731707317073,
      "pairs": 328,
      "smaller_correct": 19,
      "smaller_is_closer_accuracy": 0.057926829268292686,
      "tie_fraction": 0.0,
      "ties": 0
    },
    "aerial": {
      "best_accuracy": 0.9381443298969072,
      "best_direction": "larger",
      "larger_correct": 182,
      "larger_is_closer_accuracy": 0.9381443298969072,
      "pairs": 194,
      "smaller_correct": 12,
      "smaller_is_closer_accuracy": 0.061855670103092786,
      "tie_fraction": 0.0,
      "ties": 0
    },
    "indoor": {
      "best_accuracy": 0.9142857142857143,
      "best_direction": "larger",
      "larger_correct": 384,
      "larger_is_closer_accuracy": 0.9142857142857143,
      "pairs": 420,
      "smaller_correct": 36,
      "smaller_is_closer_accuracy": 0.08571428571428572,
      "tie_fraction": 0.0,
      "ties": 0
    },
    "non_real": {
      "best_accuracy": 0.9570957095709571,
      "best_direction": "larger",
      "larger_correct": 290,
      "larger_is_closer_accuracy": 0.9570957095709571,
      "pairs": 303,
      "smaller_correct": 13,
      "smaller_is_closer_accuracy": 0.0429042904290429,
      "tie_fraction": 0.0,
      "ties": 0
    },
    "object": {
      "best_accuracy": 0.9662162162162162,
      "best_direction": "larger",
      "larger_correct": 143,
      "larger_is_closer_accuracy": 0.9662162162162162,
      "pairs": 148,
      "smaller_correct": 5,
      "smaller_is_closer_accuracy": 0.033783783783783786,
      "tie_fraction": 0.0,
      "ties": 0
    },
    "outdoor": {
      "best_accuracy": 0.9273255813953488,
      "best_direction": "larger",
      "larger_correct": 319,
      "larger_is_closer_accuracy": 0.9273255813953488,
      "pairs": 344,
      "smaller_correct": 24,
      "smaller_is_closer_accuracy": 0.06976744186046512,
      "tie_fraction": 0.0029069767441860465,
      "ties": 1
    },
    "transparent_reflective": {
      "best_accuracy": 0.9299065420560748,
      "best_direction": "larger",
      "larger_correct": 199,
      "larger_is_closer_accuracy": 0.9299065420560748,
      "pairs": 214,
      "smaller_correct": 15,
      "smaller_is_closer_accuracy": 0.07009345794392523,
      "tie_fraction": 0.0,
      "ties": 0
    },
    "underwater": {
      "best_accuracy": 0.9829059829059829,
      "best_direction": "larger",
      "larger_correct": 115,
      "larger_is_closer_accuracy": 0.9829059829059829,
      "pairs": 117,
      "smaller_correct": 2,
      "smaller_is_closer_accuracy": 0.017094017094017096,
      "tie_fraction": 0.0,
      "ties": 0
    }
  },
  "metadata": {
    "checkpoint": "checkpoints/depth_anything_v2_vits.pth",
    "dataset_root": "datasets/DA-2K/extracted/DA-2K",
    "device": "cuda",
    "elapsed_seconds": 96.19325353601016,
    "encoder": "vits",
    "images_requested": 1033,
    "input_size": 518,
    "log_every": 100,
    "max_images": 0,
    "merge_r": 142,
    "missing_images": [],
    "output_json": "eval_outputs/da2k_vits_tome_r142_full.json",
    "patch_count_at_square_input": 1369,
    "requested_max_merges_across_blocks": 1704,
    "requested_merges_per_layer": 142,
    "rule": "DA-2K labels point1 as closer; Depth Anything V2 vits uses larger predicted values for closer points.",
    "scene_type": ""
  },
  "overall": {
    "best_accuracy": 0.938588007736944,
    "best_direction": "larger",
    "larger_correct": 1941,
    "larger_is_closer_accuracy": 0.938588007736944,
    "pairs": 2068,
    "smaller_correct": 126,
    "smaller_is_closer_accuracy": 0.0609284332688588,
    "tie_fraction": 0.00048355899419729207,
    "ties": 1
  }
}
