{
  "by_scene": {
    "adverse_style": {
      "best_accuracy": 0.9542682926829268,
      "best_direction": "larger",
      "larger_correct": 313,
      "larger_is_closer_accuracy": 0.9542682926829268,
      "pairs": 328,
      "smaller_correct": 15,
      "smaller_is_closer_accuracy": 0.04573170731707317,
      "tie_fraction": 0.0,
      "ties": 0
    },
    "aerial": {
      "best_accuracy": 0.9587628865979382,
      "best_direction": "larger",
      "larger_correct": 186,
      "larger_is_closer_accuracy": 0.9587628865979382,
      "pairs": 194,
      "smaller_correct": 8,
      "smaller_is_closer_accuracy": 0.041237113402061855,
      "tie_fraction": 0.0,
      "ties": 0
    },
    "indoor": {
      "best_accuracy": 0.9261904761904762,
      "best_direction": "larger",
      "larger_correct": 389,
      "larger_is_closer_accuracy": 0.9261904761904762,
      "pairs": 420,
      "smaller_correct": 31,
      "smaller_is_closer_accuracy": 0.07380952380952381,
      "tie_fraction": 0.0,
      "ties": 0
    },
    "non_real": {
      "best_accuracy": 0.9801980198019802,
      "best_direction": "larger",
      "larger_correct": 297,
      "larger_is_closer_accuracy": 0.9801980198019802,
      "pairs": 303,
      "smaller_correct": 6,
      "smaller_is_closer_accuracy": 0.019801980198019802,
      "tie_fraction": 0.0,
      "ties": 0
    },
    "object": {
      "best_accuracy": 0.972972972972973,
      "best_direction": "larger",
      "larger_correct": 144,
      "larger_is_closer_accuracy": 0.972972972972973,
      "pairs": 148,
      "smaller_correct": 4,
      "smaller_is_closer_accuracy": 0.02702702702702703,
      "tie_fraction": 0.0,
      "ties": 0
    },
    "outdoor": {
      "best_accuracy": 0.9273255813953488,
      "best_direction": "larger",
      "larger_correct": 319,
      "larger_is_closer_accuracy": 0.9273255813953488,
      "pairs": 344,
      "smaller_correct": 24,
      "smaller_is_closer_accuracy": 0.06976744186046512,
      "tie_fraction": 0.0029069767441860465,
      "ties": 1
    },
    "transparent_reflective": {
      "best_accuracy": 0.9439252336448598,
      "best_direction": "larger",
      "larger_correct": 202,
      "larger_is_closer_accuracy": 0.9439252336448598,
      "pairs": 214,
      "smaller_correct": 12,
      "smaller_is_closer_accuracy": 0.056074766355140186,
      "tie_fraction": 0.0,
      "ties": 0
    },
    "underwater": {
      "best_accuracy": 0.9914529914529915,
      "best_direction": "larger",
      "larger_correct": 116,
      "larger_is_closer_accuracy": 0.9914529914529915,
      "pairs": 117,
      "smaller_correct": 1,
      "smaller_is_closer_accuracy": 0.008547008547008548,
      "tie_fraction": 0.0,
      "ties": 0
    }
  },
  "metadata": {
    "checkpoint": "checkpoints/depth_anything_v2_vits.pth",
    "dataset_root": "datasets/DA-2K/extracted/DA-2K",
    "device": "cuda",
    "elapsed_seconds": 49.48402749100933,
    "encoder": "vits",
    "fill_mode": "zero",
    "images_requested": 1033,
    "input_size": 518,
    "keep_high": true,
    "keep_percentage": 0.99,
    "kept_patch_count_at_square_input": 1356,
    "log_every": 200,
    "max_images": 0,
    "missing_images": [],
    "norm": "l2",
    "output_json": "eval_outputs/da2k_vits_patch_norm_keep0.99_full.json",
    "patch_count_at_square_input": 1369,
    "rule": "DA-2K labels point1 as closer; Depth Anything V2 vits uses larger predicted values for closer points.",
    "scene_type": ""
  },
  "overall": {
    "best_accuracy": 0.9506769825918762,
    "best_direction": "larger",
    "larger_correct": 1966,
    "larger_is_closer_accuracy": 0.9506769825918762,
    "pairs": 2068,
    "smaller_correct": 101,
    "smaller_is_closer_accuracy": 0.0488394584139265,
    "tie_fraction": 0.00048355899419729207,
    "ties": 1
  }
}
