{
  "by_scene": {
    "adverse_style": {
      "best_accuracy": 0.8810975609756098,
      "best_direction": "larger",
      "larger_correct": 289,
      "larger_is_closer_accuracy": 0.8810975609756098,
      "pairs": 328,
      "smaller_correct": 39,
      "smaller_is_closer_accuracy": 0.11890243902439024,
      "tie_fraction": 0.0,
      "ties": 0
    },
    "aerial": {
      "best_accuracy": 0.8917525773195877,
      "best_direction": "larger",
      "larger_correct": 173,
      "larger_is_closer_accuracy": 0.8917525773195877,
      "pairs": 194,
      "smaller_correct": 21,
      "smaller_is_closer_accuracy": 0.10824742268041238,
      "tie_fraction": 0.0,
      "ties": 0
    },
    "indoor": {
      "best_accuracy": 0.8452380952380952,
      "best_direction": "larger",
      "larger_correct": 355,
      "larger_is_closer_accuracy": 0.8452380952380952,
      "pairs": 420,
      "smaller_correct": 65,
      "smaller_is_closer_accuracy": 0.15476190476190477,
      "tie_fraction": 0.0,
      "ties": 0
    },
    "non_real": {
      "best_accuracy": 0.9075907590759076,
      "best_direction": "larger",
      "larger_correct": 275,
      "larger_is_closer_accuracy": 0.9075907590759076,
      "pairs": 303,
      "smaller_correct": 28,
      "smaller_is_closer_accuracy": 0.0924092409240924,
      "tie_fraction": 0.0,
      "ties": 0
    },
    "object": {
      "best_accuracy": 0.8918918918918919,
      "best_direction": "larger",
      "larger_correct": 132,
      "larger_is_closer_accuracy": 0.8918918918918919,
      "pairs": 148,
      "smaller_correct": 16,
      "smaller_is_closer_accuracy": 0.10810810810810811,
      "tie_fraction": 0.0,
      "ties": 0
    },
    "outdoor": {
      "best_accuracy": 0.8313953488372093,
      "best_direction": "larger",
      "larger_correct": 286,
      "larger_is_closer_accuracy": 0.8313953488372093,
      "pairs": 344,
      "smaller_correct": 57,
      "smaller_is_closer_accuracy": 0.16569767441860464,
      "tie_fraction": 0.0029069767441860465,
      "ties": 1
    },
    "transparent_reflective": {
      "best_accuracy": 0.9439252336448598,
      "best_direction": "larger",
      "larger_correct": 202,
      "larger_is_closer_accuracy": 0.9439252336448598,
      "pairs": 214,
      "smaller_correct": 11,
      "smaller_is_closer_accuracy": 0.0514018691588785,
      "tie_fraction": 0.004672897196261682,
      "ties": 1
    },
    "underwater": {
      "best_accuracy": 0.9572649572649573,
      "best_direction": "larger",
      "larger_correct": 112,
      "larger_is_closer_accuracy": 0.9572649572649573,
      "pairs": 117,
      "smaller_correct": 5,
      "smaller_is_closer_accuracy": 0.042735042735042736,
      "tie_fraction": 0.0,
      "ties": 0
    }
  },
  "metadata": {
    "actual_merges_by_block": {
      "0": 55878,
      "1": 58856,
      "10": 58881,
      "11": 58881,
      "2": 58881,
      "3": 49859,
      "4": 58881,
      "5": 58881,
      "6": 58881,
      "7": 58881,
      "8": 58881,
      "9": 58881
    },
    "adamerge_calibration_status": "disabled_fixed_schedule",
    "ats_mass_threshold": 0.9,
    "calib_cache": "eval_outputs/da2k_adamerge_calib.json",
    "calib_images": 0,
    "checkpoint": "checkpoints/depth_anything_v2_vits.pth",
    "dataset_root": "datasets/DA-2K/extracted/DA-2K",
    "device": "cuda",
    "elapsed_seconds": 142.9162718380103,
    "encoder": "vits",
    "force_calib": false,
    "images_requested": 1033,
    "input_size": 518,
    "log_every": 200,
    "max_images": 0,
    "mean_patch_tokens_after_block": {
      "0": 1949.3872216844143,
      "1": 1892.4114230396901,
      "10": 1388.1452081316554,
      "11": 1331.1452081316554,
      "2": 1835.4114230396901,
      "3": 1787.1452081316554,
      "4": 1730.1452081316554,
      "5": 1673.1452081316554,
      "6": 1616.1452081316554,
      "7": 1559.1452081316554,
      "8": 1502.1452081316554,
      "9": 1445.1452081316554
    },
    "merge_r": 57,
    "method": "adamerge_fixed",
    "method_note": "AdaMerge near-faithful adaptation: salience is estimated by column-wise feature-affinity centrality and used in the merge score/weighted average. Fixed schedule: the paper's adaptive per-layer merge intensity is disabled and merge_r is requested at every block.",
    "missing_images": [],
    "notes": [
      "All implemented methods are training-free. Methods needing trained predictors or learned threshold modules are explicitly unsupported.",
      "Reduction runs inside the ViT blocks, but source maps expand captured intermediate features back to the original patch count before DA-V2 depth_head.",
      "The evaluator supports batch size 1, matching the existing DA-2K scripts.",
      "Primary references consulted: ToMe arXiv:2210.09461, EViT arXiv:2202.07800, ATS arXiv:2111.15667, Token Pooling arXiv:2110.03860, PiToMe arXiv:2405.16148, AdaMerge arXiv:2605.27465, PPT arXiv:2310.01812."
    ],
    "output_json": "eval_outputs/fixed_token_methods_r57/adamerge_fixed_r57_full.json",
    "patch_count_at_square_input": 1369,
    "pooling_iters": 4,
    "requested_merges_by_block": {
      "0": 58881,
      "1": 58881,
      "10": 58881,
      "11": 58881,
      "2": 58881,
      "3": 58881,
      "4": 58881,
      "5": 58881,
      "6": 58881,
      "7": 58881,
      "8": 58881,
      "9": 58881
    },
    "requested_merges_per_layer": 57,
    "restores_full_patch_grid_before_depth_head": true,
    "rule": "DA-2K labels point1 as closer; Depth Anything V2 relative depth normally uses larger predicted values for closer points.",
    "salience_lambda": 1.0,
    "scene_type": "",
    "size_lambda": 0.0,
    "target_ratio": 0.0,
    "target_ratio_effective": null,
    "unsupported_learned_methods": {
      "a-vit": "requires learned adaptive halting behavior",
      "diffrate": "requires learned/differentiated rate allocation components",
      "dtem": "requires method-specific trained components",
      "dtop": "task-specific/trained dense-prediction token policy is not available",
      "dynamicvit": "requires trained token prediction modules",
      "ltmp": "requires learned threshold masking modules",
      "patchmerger": "requires trained merge modules"
    },
    "variant": "adamerge_fixed"
  },
  "overall": {
    "best_accuracy": 0.8820116054158608,
    "best_direction": "larger",
    "larger_correct": 1824,
    "larger_is_closer_accuracy": 0.8820116054158608,
    "pairs": 2068,
    "smaller_correct": 242,
    "smaller_is_closer_accuracy": 0.11702127659574468,
    "tie_fraction": 0.0009671179883945841,
    "ties": 2
  }
}
