{
  "by_scene": {
    "adverse_style": {
      "best_accuracy": 0.9420731707317073,
      "best_direction": "larger",
      "larger_correct": 309,
      "larger_is_closer_accuracy": 0.9420731707317073,
      "pairs": 328,
      "smaller_correct": 19,
      "smaller_is_closer_accuracy": 0.057926829268292686,
      "tie_fraction": 0.0,
      "ties": 0
    },
    "aerial": {
      "best_accuracy": 0.9329896907216495,
      "best_direction": "larger",
      "larger_correct": 181,
      "larger_is_closer_accuracy": 0.9329896907216495,
      "pairs": 194,
      "smaller_correct": 13,
      "smaller_is_closer_accuracy": 0.06701030927835051,
      "tie_fraction": 0.0,
      "ties": 0
    },
    "indoor": {
      "best_accuracy": 0.9047619047619048,
      "best_direction": "larger",
      "larger_correct": 380,
      "larger_is_closer_accuracy": 0.9047619047619048,
      "pairs": 420,
      "smaller_correct": 40,
      "smaller_is_closer_accuracy": 0.09523809523809523,
      "tie_fraction": 0.0,
      "ties": 0
    },
    "non_real": {
      "best_accuracy": 0.9603960396039604,
      "best_direction": "larger",
      "larger_correct": 291,
      "larger_is_closer_accuracy": 0.9603960396039604,
      "pairs": 303,
      "smaller_correct": 12,
      "smaller_is_closer_accuracy": 0.039603960396039604,
      "tie_fraction": 0.0,
      "ties": 0
    },
    "object": {
      "best_accuracy": 0.9527027027027027,
      "best_direction": "larger",
      "larger_correct": 141,
      "larger_is_closer_accuracy": 0.9527027027027027,
      "pairs": 148,
      "smaller_correct": 7,
      "smaller_is_closer_accuracy": 0.0472972972972973,
      "tie_fraction": 0.0,
      "ties": 0
    },
    "outdoor": {
      "best_accuracy": 0.8953488372093024,
      "best_direction": "larger",
      "larger_correct": 308,
      "larger_is_closer_accuracy": 0.8953488372093024,
      "pairs": 344,
      "smaller_correct": 35,
      "smaller_is_closer_accuracy": 0.10174418604651163,
      "tie_fraction": 0.0029069767441860465,
      "ties": 1
    },
    "transparent_reflective": {
      "best_accuracy": 0.9252336448598131,
      "best_direction": "larger",
      "larger_correct": 198,
      "larger_is_closer_accuracy": 0.9252336448598131,
      "pairs": 214,
      "smaller_correct": 16,
      "smaller_is_closer_accuracy": 0.07476635514018691,
      "tie_fraction": 0.0,
      "ties": 0
    },
    "underwater": {
      "best_accuracy": 0.9743589743589743,
      "best_direction": "larger",
      "larger_correct": 114,
      "larger_is_closer_accuracy": 0.9743589743589743,
      "pairs": 117,
      "smaller_correct": 3,
      "smaller_is_closer_accuracy": 0.02564102564102564,
      "tie_fraction": 0.0,
      "ties": 0
    }
  },
  "metadata": {
    "actual_merges_by_block": {
      "0": 58881,
      "1": 58881,
      "10": 58881,
      "11": 58881,
      "2": 58881,
      "3": 58881,
      "4": 58881,
      "5": 58881,
      "6": 58881,
      "7": 58881,
      "8": 58881,
      "9": 58881
    },
    "adamerge_calibration_status": "disabled_fixed_schedule",
    "ats_mass_threshold": 0.9,
    "calib_cache": "eval_outputs/da2k_adamerge_calib.json",
    "calib_images": 0,
    "checkpoint": "checkpoints/depth_anything_v2_vits.pth",
    "dataset_root": "datasets/DA-2K/extracted/DA-2K",
    "device": "cuda",
    "elapsed_seconds": 114.74728933599545,
    "encoder": "vits",
    "force_calib": false,
    "images_requested": 1033,
    "input_size": 518,
    "log_every": 200,
    "max_images": 0,
    "mean_patch_tokens_after_block": {
      "0": 1946.4801548886737,
      "1": 1889.4801548886737,
      "10": 1376.4801548886737,
      "11": 1319.4801548886737,
      "2": 1832.4801548886737,
      "3": 1775.4801548886737,
      "4": 1718.4801548886737,
      "5": 1661.4801548886737,
      "6": 1604.4801548886737,
      "7": 1547.4801548886737,
      "8": 1490.4801548886737,
      "9": 1433.4801548886737
    },
    "merge_r": 57,
    "method": "ats_fixed",
    "method_note": "ATS-inspired deterministic fixed schedule: significance is derived from class-token attention and value/token magnitude. Unlike original ATS, this uses exactly merge_r as the requested per-block merge budget instead of a cumulative attention-mass threshold.",
    "missing_images": [],
    "notes": [
      "All implemented methods are training-free. Methods needing trained predictors or learned threshold modules are explicitly unsupported.",
      "Reduction runs inside the ViT blocks, but source maps expand captured intermediate features back to the original patch count before DA-V2 depth_head.",
      "The evaluator supports batch size 1, matching the existing DA-2K scripts.",
      "Primary references consulted: ToMe arXiv:2210.09461, EViT arXiv:2202.07800, ATS arXiv:2111.15667, Token Pooling arXiv:2110.03860, PiToMe arXiv:2405.16148, AdaMerge arXiv:2605.27465, PPT arXiv:2310.01812."
    ],
    "output_json": "eval_outputs/fixed_token_methods_r57/ats_fixed_r57_full.json",
    "patch_count_at_square_input": 1369,
    "pooling_iters": 4,
    "requested_merges_by_block": {
      "0": 58881,
      "1": 58881,
      "10": 58881,
      "11": 58881,
      "2": 58881,
      "3": 58881,
      "4": 58881,
      "5": 58881,
      "6": 58881,
      "7": 58881,
      "8": 58881,
      "9": 58881
    },
    "requested_merges_per_layer": 57,
    "restores_full_patch_grid_before_depth_head": true,
    "rule": "DA-2K labels point1 as closer; Depth Anything V2 relative depth normally uses larger predicted values for closer points.",
    "salience_lambda": 1.0,
    "scene_type": "",
    "size_lambda": 0.0,
    "target_ratio": 0.0,
    "target_ratio_effective": null,
    "unsupported_learned_methods": {
      "a-vit": "requires learned adaptive halting behavior",
      "diffrate": "requires learned/differentiated rate allocation components",
      "dtem": "requires method-specific trained components",
      "dtop": "task-specific/trained dense-prediction token policy is not available",
      "dynamicvit": "requires trained token prediction modules",
      "ltmp": "requires learned threshold masking modules",
      "patchmerger": "requires trained merge modules"
    },
    "variant": "ats_fixed"
  },
  "overall": {
    "best_accuracy": 0.9294003868471954,
    "best_direction": "larger",
    "larger_correct": 1922,
    "larger_is_closer_accuracy": 0.9294003868471954,
    "pairs": 2068,
    "smaller_correct": 145,
    "smaller_is_closer_accuracy": 0.07011605415860735,
    "tie_fraction": 0.00048355899419729207,
    "ties": 1
  }
}
