{
  "by_scene": {
    "adverse_style": {
      "best_accuracy": 0.9237804878048781,
      "best_direction": "larger",
      "larger_correct": 303,
      "larger_is_closer_accuracy": 0.9237804878048781,
      "pairs": 328,
      "smaller_correct": 25,
      "smaller_is_closer_accuracy": 0.07621951219512195,
      "tie_fraction": 0.0,
      "ties": 0
    },
    "aerial": {
      "best_accuracy": 0.9072164948453608,
      "best_direction": "larger",
      "larger_correct": 176,
      "larger_is_closer_accuracy": 0.9072164948453608,
      "pairs": 194,
      "smaller_correct": 18,
      "smaller_is_closer_accuracy": 0.09278350515463918,
      "tie_fraction": 0.0,
      "ties": 0
    },
    "indoor": {
      "best_accuracy": 0.9142857142857143,
      "best_direction": "larger",
      "larger_correct": 384,
      "larger_is_closer_accuracy": 0.9142857142857143,
      "pairs": 420,
      "smaller_correct": 36,
      "smaller_is_closer_accuracy": 0.08571428571428572,
      "tie_fraction": 0.0,
      "ties": 0
    },
    "non_real": {
      "best_accuracy": 0.9636963696369637,
      "best_direction": "larger",
      "larger_correct": 292,
      "larger_is_closer_accuracy": 0.9636963696369637,
      "pairs": 303,
      "smaller_correct": 11,
      "smaller_is_closer_accuracy": 0.036303630363036306,
      "tie_fraction": 0.0,
      "ties": 0
    },
    "object": {
      "best_accuracy": 0.9459459459459459,
      "best_direction": "larger",
      "larger_correct": 140,
      "larger_is_closer_accuracy": 0.9459459459459459,
      "pairs": 148,
      "smaller_correct": 8,
      "smaller_is_closer_accuracy": 0.05405405405405406,
      "tie_fraction": 0.0,
      "ties": 0
    },
    "outdoor": {
      "best_accuracy": 0.8837209302325582,
      "best_direction": "larger",
      "larger_correct": 304,
      "larger_is_closer_accuracy": 0.8837209302325582,
      "pairs": 344,
      "smaller_correct": 39,
      "smaller_is_closer_accuracy": 0.11337209302325581,
      "tie_fraction": 0.0029069767441860465,
      "ties": 1
    },
    "transparent_reflective": {
      "best_accuracy": 0.9392523364485982,
      "best_direction": "larger",
      "larger_correct": 201,
      "larger_is_closer_accuracy": 0.9392523364485982,
      "pairs": 214,
      "smaller_correct": 13,
      "smaller_is_closer_accuracy": 0.06074766355140187,
      "tie_fraction": 0.0,
      "ties": 0
    },
    "underwater": {
      "best_accuracy": 0.9914529914529915,
      "best_direction": "larger",
      "larger_correct": 116,
      "larger_is_closer_accuracy": 0.9914529914529915,
      "pairs": 117,
      "smaller_correct": 1,
      "smaller_is_closer_accuracy": 0.008547008547008548,
      "tie_fraction": 0.0,
      "ties": 0
    }
  },
  "metadata": {
    "actual_merges_by_block": {
      "0": 58875,
      "1": 58881,
      "10": 58881,
      "11": 58881,
      "2": 58881,
      "3": 58881,
      "4": 58881,
      "5": 58881,
      "6": 58881,
      "7": 58881,
      "8": 58881,
      "9": 58881
    },
    "adamerge_calibration_status": "disabled_fixed_schedule",
    "ats_mass_threshold": 0.9,
    "calib_cache": "eval_outputs/da2k_adamerge_calib.json",
    "calib_images": 0,
    "checkpoint": "checkpoints/depth_anything_v2_vits.pth",
    "dataset_root": "datasets/DA-2K/extracted/DA-2K",
    "device": "cuda",
    "elapsed_seconds": 138.480643251969,
    "encoder": "vits",
    "force_calib": false,
    "images_requested": 1033,
    "input_size": 518,
    "log_every": 200,
    "max_images": 0,
    "mean_patch_tokens_after_block": {
      "0": 1946.48596321394,
      "1": 1889.48596321394,
      "10": 1376.48596321394,
      "11": 1319.48596321394,
      "2": 1832.48596321394,
      "3": 1775.48596321394,
      "4": 1718.48596321394,
      "5": 1661.48596321394,
      "6": 1604.48596321394,
      "7": 1547.48596321394,
      "8": 1490.48596321394,
      "9": 1433.48596321394
    },
    "merge_r": 57,
    "method": "ppt_fixed",
    "method_note": "PPT-style training-free hybrid: combines class-attention pruning/fusion for inattentive redundancy with Token-Pooling clustering for duplicative redundancy. This is feasible without learned thresholds; LTMP-style learned threshold modules are not implemented. Fixed schedule: request merge_r total reductions at every block.",
    "missing_images": [],
    "notes": [
      "All implemented methods are training-free. Methods needing trained predictors or learned threshold modules are explicitly unsupported.",
      "Reduction runs inside the ViT blocks, but source maps expand captured intermediate features back to the original patch count before DA-V2 depth_head.",
      "The evaluator supports batch size 1, matching the existing DA-2K scripts.",
      "Primary references consulted: ToMe arXiv:2210.09461, EViT arXiv:2202.07800, ATS arXiv:2111.15667, Token Pooling arXiv:2110.03860, PiToMe arXiv:2405.16148, AdaMerge arXiv:2605.27465, PPT arXiv:2310.01812."
    ],
    "output_json": "eval_outputs/fixed_token_methods_r57/ppt_fixed_r57_full.json",
    "patch_count_at_square_input": 1369,
    "pooling_iters": 4,
    "requested_merges_by_block": {
      "0": 58881,
      "1": 58881,
      "10": 58881,
      "11": 58881,
      "2": 58881,
      "3": 58881,
      "4": 58881,
      "5": 58881,
      "6": 58881,
      "7": 58881,
      "8": 58881,
      "9": 58881
    },
    "requested_merges_per_layer": 57,
    "restores_full_patch_grid_before_depth_head": true,
    "rule": "DA-2K labels point1 as closer; Depth Anything V2 relative depth normally uses larger predicted values for closer points.",
    "salience_lambda": 1.0,
    "scene_type": "",
    "size_lambda": 0.0,
    "target_ratio": 0.0,
    "target_ratio_effective": null,
    "unsupported_learned_methods": {
      "a-vit": "requires learned adaptive halting behavior",
      "diffrate": "requires learned/differentiated rate allocation components",
      "dtem": "requires method-specific trained components",
      "dtop": "task-specific/trained dense-prediction token policy is not available",
      "dynamicvit": "requires trained token prediction modules",
      "ltmp": "requires learned threshold masking modules",
      "patchmerger": "requires trained merge modules"
    },
    "variant": "ppt_fixed"
  },
  "overall": {
    "best_accuracy": 0.9264990328820116,
    "best_direction": "larger",
    "larger_correct": 1916,
    "larger_is_closer_accuracy": 0.9264990328820116,
    "pairs": 2068,
    "smaller_correct": 151,
    "smaller_is_closer_accuracy": 0.07301740812379111,
    "tie_fraction": 0.00048355899419729207,
    "ties": 1
  }
}
