{
  "block_x": 8,
  "block_y": 4,
  "cols": 384,
  "effective_tops": 0.08103005399328729,
  "k": 1536,
  "kernel": "mma16864",
  "kernel_ms": 19.944670901168138,
  "max_abs_error": 0.0,
  "mean_abs_error": 0.0,
  "packed_activation_bytes": 1052160,
  "packed_weight_bytes": 294912,
  "ptx_bytes": 20943,
  "ptx_path": "eval_outputs/cuda_fastpath_orin/w4a4_mma16864_m1370_n384_k1536_fc2/w4a4_matmul_mma16864.ptx",
  "rows": 1370,
  "speedup_vs_torch_fp32_reference": 0.2496628964942116,
  "torch_fp32_reference_ms": 4.979444306809455
}
