{
  "by_scene": {
    "indoor": {
      "best_accuracy": 0.8134328358208955,
      "best_direction": "larger",
      "larger_correct": 109,
      "larger_is_closer_accuracy": 0.8134328358208955,
      "pairs": 134,
      "smaller_correct": 25,
      "smaller_is_closer_accuracy": 0.1865671641791045,
      "tie_fraction": 0.0,
      "ties": 0
    }
  },
  "elapsed_total_seconds": 1.8166685840114951,
  "extra": {
    "dfq_stats": {
      "fc1_range_before_max": 0.5590309500694275,
      "fc1_range_before_min": 0.03694124519824982,
      "fc2_col_range_before_max": 0.47339627146720886,
      "fc2_col_range_before_min": 0.02000964619219303,
      "scale_max": 1.8377346992492676,
      "scale_mean": 0.8641767501831055,
      "scale_min": 0.42090904712677,
      "scale_std": 0.17285001277923584
    }
  },
  "metadata": {
    "elapsed_seconds": 1.8166518630459905,
    "images_requested": 64,
    "missing_images": []
  },
  "overall": {
    "best_accuracy": 0.8134328358208955,
    "best_direction": "larger",
    "larger_correct": 109,
    "larger_is_closer_accuracy": 0.8134328358208955,
    "pairs": 134,
    "smaller_correct": 25,
    "smaller_is_closer_accuracy": 0.1865671641791045,
    "tie_fraction": 0.0,
    "ties": 0
  },
  "variant": "input_prune_then_block0_mlp_dfq"
}
