{
  "block_x": 8,
  "block_y": 4,
  "cols": 64,
  "effective_tops": 0.0043056940000599404,
  "k": 64,
  "kernel": "mma16864",
  "kernel_ms": 0.1217662007547915,
  "max_abs_error": 0.0,
  "mean_abs_error": 0.0,
  "packed_activation_bytes": 2048,
  "packed_weight_bytes": 2048,
  "ptx_bytes": 13321,
  "ptx_path": "eval_outputs/cuda_fastpath_orin/w4a4_mma16864_directload_smoke_64/w4a4_matmul_mma16864.ptx",
  "rows": 64,
  "speedup_vs_torch_fp32_reference": 7.319479394935025,
  "torch_fp32_reference_ms": 0.8912651974242181
}
