{
  "block_x": 8,
  "block_y": 4,
  "cols": 384,
  "effective_tops": 0.06581944721549197,
  "k": 1536,
  "kernel": "mma",
  "kernel_ms": 24.553803296294063,
  "max_abs_error": 0.0,
  "mean_abs_error": 0.0,
  "packed_activation_bytes": 1052160,
  "packed_weight_bytes": 294912,
  "ptx_bytes": 9171,
  "ptx_path": "eval_outputs/cuda_fastpath_orin/w4a4_mma_m1370_n384_k1536_fc2/w4a4_matmul_mma.ptx",
  "rows": 1370,
  "speedup_vs_torch_fp32_reference": 0.1639693289813795,
  "torch_fp32_reference_ms": 4.0260706504341215
}
